full_name,events,jpar_rank,system_rank,jpar,system,rank_delta_vs_jpar
Itisha Jefferson,1,1243,1,22.55370621114154,trueskill_conservative,-1242.0
Stephanie Campbell,1,1242,1,19.096424041862253,trueskill_conservative,-1241.0
Kyle Campbell,1,1241,1,15.67837870493118,trueskill_conservative,-1240.0
Mikayla Taylor,1,1240,1,6.720224730237368,trueskill_conservative,-1239.0
Sandra Exley,1,1239,1,5.577146957575034,trueskill_conservative,-1238.0
Kristi Frohreich,1,1238,1,5.464369555919892,trueskill_conservative,-1237.0
Vicky Vetter,1,1237,1,5.341478845932001,trueskill_conservative,-1236.0
Bari Weinberger,1,1236,1,5.283300444261962,trueskill_conservative,-1235.0
Donna Sutton,1,1235,1,5.273016894841796,trueskill_conservative,-1234.0
Mary Jane Pumphrey,1,1234,1,5.241554405434297,trueskill_conservative,-1233.0
Connie Bickford,1,1233,1,5.147813666826583,trueskill_conservative,-1232.0
Khodi Cleland,1,1232,1,4.923220829537486,trueskill_conservative,-1231.0
Kim Bergesen,1,1231,1,4.829233789368284,trueskill_conservative,-1230.0
Tracy Swearingen,1,1230,1,4.56929667048467,trueskill_conservative,-1229.0
Elizabeth Faye,1,1229,1,4.550250929063369,trueskill_conservative,-1228.0
Deb McKibben,1,1228,1,4.491499213009248,trueskill_conservative,-1227.0
Liz Gurevitch,1,1226,1,4.46675681375512,trueskill_conservative,-1225.0
Barbara Fisher,1,1226,1,4.46675681375512,trueskill_conservative,-1225.0
Kaylyn Anderson,1,1225,1,4.258929402127843,trueskill_conservative,-1224.0
Erika Hunter,2,1224,1,4.257435237860489,trueskill_conservative,-1223.0
Elessa Freelingos,1,1223,1,4.076928782128773,trueskill_conservative,-1222.0
Jill Fowler,1,1222,1,4.037980382775808,trueskill_conservative,-1221.0
Todd Lentz,1,1221,1,4.021219538803082,trueskill_conservative,-1220.0
Marie Singleton,1,1220,1,3.9515843035885703,trueskill_conservative,-1219.0
Darrell Wilson,1,1219,1,3.930061811383092,trueskill_conservative,-1218.0
Lila King,1,1218,1,3.8696877926564097,trueskill_conservative,-1217.0
Karen Cardoza,1,1217,1,3.8424183989603247,trueskill_conservative,-1216.0
Jessie Ngo,1,1216,1,3.791674106619596,trueskill_conservative,-1215.0
David Lockner,1,1215,1,3.762486961240496,trueskill_conservative,-1214.0
Mikayla Taylor,1,1240,26,6.720224730237368,msp_like_score,-1214.0
Patty Baker,2,1214,1,3.740562592645457,trueskill_conservative,-1213.0
Tim Conner,1,1213,1,3.7314224651715215,trueskill_conservative,-1212.0
Jared Cardiel,1,1212,1,3.6589811852801946,trueskill_conservative,-1211.0
Kelty Zavitz,1,1211,1,3.6087382333301017,trueskill_conservative,-1210.0
Abbey English,1,1210,1,3.5841525350672656,trueskill_conservative,-1209.0
Janet Li,1,1209,1,3.522220248745732,trueskill_conservative,-1208.0
Stephanie Zimmerman,1,1208,1,3.4900113661622005,trueskill_conservative,-1207.0
Melissa Stupka,1,1207,1,3.480571333414728,trueskill_conservative,-1206.0
Virginia Gulde,1,1206,1,3.4657837278083843,trueskill_conservative,-1205.0
Jessi Yoder,1,1205,1,3.456981462506302,trueskill_conservative,-1204.0
Sonia Weaver,1,1204,1,3.43011012629678,trueskill_conservative,-1203.0
Cathy Cimaglia,2,1203,1,3.408840726286801,trueskill_conservative,-1202.0
Reagan Wolfe,1,1202,1,3.3995067045265954,trueskill_conservative,-1201.0
Josh Serna,1,1201,1,3.390917641172087,trueskill_conservative,-1200.0
Mary Beth Collins,1,1199,1,3.383652248013746,trueskill_conservative,-1198.0
Keiko Kita,1,1199,1,3.383652248013746,trueskill_conservative,-1198.0
Monica Ganz,3,1198,1,3.373774421642836,trueskill_conservative,-1197.0
Elsa King,1,1197,1,3.358463769740691,trueskill_conservative,-1196.0
Jeesung Yun,1,1196,1,3.321520668273544,trueskill_conservative,-1195.0
Erika Jodice,1,1195,1,3.306432552325581,trueskill_conservative,-1194.0
Angela McPherson,1,1194,1,3.299560988896304,trueskill_conservative,-1193.0
Rachelle Ashmore,1,1193,1,3.286080413076522,trueskill_conservative,-1192.0
Rhonda Willock,1,1192,1,3.27510083851246,trueskill_conservative,-1191.0
Mikayla Taylor,1,1240,49,6.720224730237368,weighted_log_zscore,-1191.0
Allison Kunz,2,1191,1,3.2744606359094908,trueskill_conservative,-1190.0
Jean Doroff,4,1190,1,3.272931568113678,trueskill_conservative,-1189.0
Cayla Eller,1,1189,1,3.2650817258711045,trueskill_conservative,-1188.0
Kathy Briggs,1,1188,1,3.233308504789968,trueskill_conservative,-1187.0
Karen Doukas,1,1187,1,3.220502476707211,trueskill_conservative,-1186.0
Abbey Trotta,1,1186,1,3.212236224520051,trueskill_conservative,-1185.0
Kate Amey,8,1185,1,3.204472309372155,trueskill_conservative,-1184.0
Rachel Heeren,1,1184,1,3.204310282709593,trueskill_conservative,-1183.0
Julie Headlee,7,1183,1,3.200396580138998,trueskill_conservative,-1182.0
Robert Magsipoc,1,1182,1,3.1914171948496795,trueskill_conservative,-1181.0
Fusako Menna,1,1181,1,3.189629558715844,trueskill_conservative,-1180.0
Quantesha Pittman,1,1179,1,3.1769680536955964,trueskill_conservative,-1178.0
Cheri Dracobly,1,1179,1,3.1769680536955964,trueskill_conservative,-1178.0
Karen Kee,2,1178,1,3.1597895464081374,trueskill_conservative,-1177.0
Jody Murphy,1,1177,1,3.155069532831772,trueskill_conservative,-1176.0
Heidi Haynes,1,1176,1,3.143984241510465,trueskill_conservative,-1175.0
Julie Hadfield,1,1175,1,3.115982685565413,trueskill_conservative,-1174.0
Natalie Jackson,1,1174,1,3.115011557771935,trueskill_conservative,-1173.0
Brian Casimiro,1,1173,1,3.109369228552254,trueskill_conservative,-1172.0
Johanna Geurkink,1,1172,1,3.0818075999061487,trueskill_conservative,-1171.0
Andrew Howard,1,1171,1,3.076480484758616,trueskill_conservative,-1170.0
Annie Mei,1,1170,1,3.0529820169585173,trueskill_conservative,-1169.0
Connie Mangilin,4,1169,1,3.0491502166092976,trueskill_conservative,-1168.0
Jennifer Carlson,1,1168,1,3.045592312141088,trueskill_conservative,-1167.0
Mikayla Taylor,1,1240,74,6.720224730237368,conservative_log_zscore,-1166.0
Gamaliel James,1,1167,1,3.0417922706517184,trueskill_conservative,-1166.0
Laura Wiley,2,1166,1,3.0393302553765897,trueskill_conservative,-1165.0
Gregory Wiseburn,3,1165,1,3.035080950062328,trueskill_conservative,-1164.0
Jenni Won,1,1164,1,3.028634816536774,trueskill_conservative,-1163.0
Mary Wheeler,2,1163,1,3.0173134533915023,trueskill_conservative,-1162.0
Ritika Kanade,1,1162,1,3.0109162261329194,trueskill_conservative,-1161.0
Susan Wailes,1,1161,1,3.0044399860540225,trueskill_conservative,-1160.0
Rachel McClain,1,1160,1,2.9968696456928376,trueskill_conservative,-1159.0
Vivian Wong,1,1159,1,2.99632768010471,trueskill_conservative,-1158.0
Tim Collins,1,1158,1,2.99272706521593,trueskill_conservative,-1157.0
Stephanie Joe,1,1157,1,2.9845355359363817,trueskill_conservative,-1156.0
Kimberly Collier,1,1156,1,2.982987520283682,trueskill_conservative,-1155.0
Jeff Soesbe,4,1155,1,2.982186031697168,trueskill_conservative,-1154.0
Linda Hayes,1,1154,1,2.966261446319381,trueskill_conservative,-1153.0
Kari Loftesness,1,1151,1,2.9554171936635485,trueskill_conservative,-1150.0
James Powers,1,1151,1,2.9554171936635485,trueskill_conservative,-1150.0
Allison Wong,1,1151,1,2.9554171936635485,trueskill_conservative,-1150.0
Emily Chen,1,1150,1,2.952954346002162,trueskill_conservative,-1149.0
Kelly Hudson,1,1149,1,2.942525983168759,trueskill_conservative,-1148.0
Melanie Bietz,1,1148,1,2.9156011564711366,trueskill_conservative,-1147.0
Mikayla Taylor,1,1240,93,6.720224730237368,weighted_event_percentile,-1147.0
Ginger Cline,1,1147,1,2.902178775646284,trueskill_conservative,-1146.0
Vicky Vetter,1,1237,92,5.341478845932001,msp_like_score,-1145.0
Adam Wills,1,1146,1,2.8968100094660247,trueskill_conservative,-1145.0
Mindy May,1,1145,1,2.8879429956000204,trueskill_conservative,-1144.0
Maggie Hobbs,2,1144,1,2.870132894043168,trueskill_conservative,-1143.0
Lisa Coleman,2,1143,1,2.869173385232728,trueskill_conservative,-1142.0
Jennifer Newberg,1,1142,1,2.8690076916710066,trueskill_conservative,-1141.0
Stephanie Pringle,2,1141,1,2.8651328206793414,trueskill_conservative,-1140.0
Laura Vu,2,1140,1,2.8518313875665413,trueskill_conservative,-1139.0
Lissa Dollar,1,1139,1,2.839099091193668,trueskill_conservative,-1138.0
Susie Peat,3,1138,1,2.817303781956288,trueskill_conservative,-1137.0
Sam Thomas,1,1137,1,2.804395851556359,trueskill_conservative,-1136.0
Carolyn Kuczmarski,1,1136,1,2.779957443655704,trueskill_conservative,-1135.0
Linda Worman,1,1135,1,2.778505488137597,trueskill_conservative,-1134.0
DeAnna Steiner,1,1134,1,2.7767157455624165,trueskill_conservative,-1133.0
Olivia Medina,1,1133,1,2.770655273921962,trueskill_conservative,-1132.0
Jason Fox,3,1132,1,2.769619117680787,trueskill_conservative,-1131.0
Heidi Krauss,1,1131,1,2.757796102096587,trueskill_conservative,-1130.0
John Pringle,1,1130,1,2.755873215579696,trueskill_conservative,-1129.0
Amber Franzel,1,1129,1,2.748505090175561,trueskill_conservative,-1128.0
Ed Siegel,2,1128,1,2.73068807894106,trueskill_conservative,-1127.0
Michele Moody,1,1127,1,2.7253514751411365,trueskill_conservative,-1126.0
Thao Hughes,1,1126,1,2.706921798410997,trueskill_conservative,-1125.0
Kelsey Ruggaard,1,1125,1,2.663316713184895,trueskill_conservative,-1124.0
Susan Dias,2,1124,1,2.6500962254835523,trueskill_conservative,-1123.0
Lisha Rivera,1,1123,1,2.6461157455683004,trueskill_conservative,-1122.0
Madi Zavitz,1,1122,1,2.6360582128694685,trueskill_conservative,-1121.0
Lisa Furbush,2,1121,1,2.634070100928281,trueskill_conservative,-1120.0
Tiffany Overland,1,1120,1,2.627255887686063,trueskill_conservative,-1119.0
Theresa Vaerten,1,1118,1,2.6198681629151794,trueskill_conservative,-1117.0
Kasey Cushing,1,1118,1,2.6198681629151794,trueskill_conservative,-1117.0
Beatrice Chau,2,1117,1,2.607606536728496,trueskill_conservative,-1116.0
Lina Zulick,1,1116,1,2.605832038941802,trueskill_conservative,-1115.0
Jason Narozny,1,1115,1,2.604751597630932,trueskill_conservative,-1114.0
Jayme Becerra,2,1114,1,2.602462551743096,trueskill_conservative,-1113.0
Barry Walter,1,1113,1,2.590718951977969,trueskill_conservative,-1112.0
Jenny Pace,1,1112,1,2.5904723068831226,trueskill_conservative,-1111.0
Gracie Jing,2,1111,1,2.578430513496185,trueskill_conservative,-1110.0
Valentina Taborda,2,1110,1,2.5641912063818326,trueskill_conservative,-1109.0
Evelyn Saavedra,1,1109,1,2.555814548352393,trueskill_conservative,-1108.0
Kristi Frohreich,1,1238,130,5.464369555919892,msp_like_score,-1108.0
Sruti Sreerama,2,1108,1,2.552553817345016,trueskill_conservative,-1107.0
Neha Bandi,2,1107,1,2.55178239235798,trueskill_conservative,-1106.0
Adele Tiffith,1,1106,1,2.5515101771961968,trueskill_conservative,-1105.0
Kathy Johnson,5,1105,1,2.545396696986246,trueskill_conservative,-1104.0
Elizabeth Gray,2,1104,1,2.54368289651323,trueskill_conservative,-1103.0
Alison Hansel,1,1103,1,2.5401947222621377,trueskill_conservative,-1102.0
Anne Kosek,1,1102,1,2.540006149054885,trueskill_conservative,-1101.0
Shirley Schmidt,2,1101,1,2.5338821718086253,trueskill_conservative,-1100.0
Leslie Cameron,1,1100,1,2.5279011853219004,trueskill_conservative,-1099.0
Nathan Haskins,1,1099,1,2.526888036070314,trueskill_conservative,-1098.0
Elizabeth Halperin,1,1098,1,2.5259006012219736,trueskill_conservative,-1097.0
Sarah Zimerman,2,1097,1,2.521817384468366,trueskill_conservative,-1096.0
Tracy Hardy,1,1096,1,2.5175728525499026,trueskill_conservative,-1095.0
Megan Bodway,2,1095,1,2.502759715403776,trueskill_conservative,-1094.0
Debby Kilgore,1,1094,1,2.50029373001238,trueskill_conservative,-1093.0
Vicky Vetter,1,1237,145,5.341478845932001,weighted_log_zscore,-1092.0
Tabare Gowon,1,1093,1,2.4986891120645915,trueskill_conservative,-1092.0
Sean McGinty,1,1092,1,2.4930594708325664,trueskill_conservative,-1091.0
Jamie Felicetti,1,1091,1,2.492802376475701,trueskill_conservative,-1090.0
Alison satinoff,2,1090,1,2.490289742488196,trueskill_conservative,-1089.0
Lucy Cruz,2,1089,1,2.48750140832953,trueskill_conservative,-1088.0
Erica Emmons,1,1088,1,2.483080215936317,trueskill_conservative,-1087.0
Rachelle Martineau,2,1087,1,2.473933661641946,trueskill_conservative,-1086.0
Amy Ellenberger,2,1086,1,2.472938653841962,trueskill_conservative,-1085.0
Jeanette Ward,3,1085,1,2.4712553982910426,trueskill_conservative,-1084.0
Thuy-Tien Nguyen,1,1084,1,2.464104867858745,trueskill_conservative,-1083.0
Michelle Wilson,1,1083,1,2.461610414768743,trueskill_conservative,-1082.0
Jamie Stewart,1,1082,1,2.4607586293817976,trueskill_conservative,-1081.0
Connie Buckwalter,2,1081,1,2.451706501184628,trueskill_conservative,-1080.0
Karla Matute,3,1080,1,2.4444129453931054,trueskill_conservative,-1079.0
Becky Gutierrez,1,1079,1,2.4431448800952,trueskill_conservative,-1078.0
Kristin Desrosiers,1,1078,1,2.443006556608486,trueskill_conservative,-1077.0
Kevin Stone,1,1077,1,2.433392358264994,trueskill_conservative,-1076.0
Mikayla Taylor,1,1240,165,6.720224730237368,elo_rating,-1075.0
Jess Fogarty,1,1076,1,2.4332153953261164,trueskill_conservative,-1075.0
Jenn Thompson,3,1075,1,2.4314838335685227,trueskill_conservative,-1074.0
Julie Lance,1,1074,1,2.4296557468153868,trueskill_conservative,-1073.0
Vicky Vetter,1,1237,165,5.341478845932001,elo_rating,-1072.0
Megan Heywood,1,1073,1,2.426053289285995,trueskill_conservative,-1072.0
Kathy Tieu,2,1072,1,2.425945456204131,trueskill_conservative,-1071.0
Marianne Bruno,4,1071,1,2.425552136194332,trueskill_conservative,-1070.0
Justine Lucca,1,1070,1,2.423648397902615,trueskill_conservative,-1069.0
Mary Ellenberger,1,1069,1,2.4229444599059446,trueskill_conservative,-1068.0
Chris Courtney,1,1068,1,2.4228205028879164,trueskill_conservative,-1067.0
Stefanie Izumizaki,1,1067,1,2.414411657379026,trueskill_conservative,-1066.0
Jessica Anderson,1,1066,1,2.413004595549662,trueskill_conservative,-1065.0
Himakshi Bhatt,1,1065,1,2.41171283305079,trueskill_conservative,-1064.0
Diane Ryu,1,1064,1,2.4117029383441784,trueskill_conservative,-1063.0
Michelle Lewandowski,2,1063,1,2.4077389946249266,trueskill_conservative,-1062.0
Amanda Frost,1,1062,1,2.4048415271615973,trueskill_conservative,-1061.0
Yolanda Orta-Swope,1,1061,1,2.402091374697568,trueskill_conservative,-1060.0
Kristine Wolfe,1,1060,1,2.3989506707257755,trueskill_conservative,-1059.0
Jessica Scheideler,1,1059,1,2.3986614191426416,trueskill_conservative,-1058.0
Mareda Shurts,1,1058,1,2.392762099483232,trueskill_conservative,-1057.0
Erin DeRubeis,1,1057,1,2.391431535074781,trueskill_conservative,-1056.0
Mackendrick Zavitz,1,1056,1,2.390713816368455,trueskill_conservative,-1055.0
David Harris,4,1055,1,2.389863291217053,trueskill_conservative,-1054.0
Cierra McPeak,2,1054,1,2.3892905336582637,trueskill_conservative,-1053.0
Pavitra Chari,2,1053,1,2.386512734079424,trueskill_conservative,-1052.0
Amy Wiedner,1,1052,1,2.3832194262712925,trueskill_conservative,-1051.0
Jessica Norman,1,1051,1,2.383007462936224,trueskill_conservative,-1050.0
Julia Gabler,1,1050,1,2.380143273615228,trueskill_conservative,-1049.0
Kelli Ryan,1,1049,1,2.376299781718316,trueskill_conservative,-1048.0
Annabella Roiger,3,1048,1,2.375665075485627,trueskill_conservative,-1047.0
Theresa Rudolph,1,1047,1,2.367716957667187,trueskill_conservative,-1046.0
Isabelle Petrucci,1,1046,1,2.3669631178633006,trueskill_conservative,-1045.0
Vy Nguyen,1,1045,1,2.361462283444485,trueskill_conservative,-1044.0
Jane Davis,2,1044,1,2.3540357632658697,trueskill_conservative,-1043.0
Phoebe Wood,1,1043,1,2.346274357111374,trueskill_conservative,-1042.0
Jeremiah Mercury,1,1042,1,2.3396175560637693,trueskill_conservative,-1041.0
Jennifer Narozny,1,1041,1,2.337154937362547,trueskill_conservative,-1040.0
Inge Werts,1,1040,1,2.333445073422549,trueskill_conservative,-1039.0
Elizabeth Pratt,1,1039,1,2.3311097025770136,trueskill_conservative,-1038.0
Melissa Revelle,1,1038,1,2.3290600872624694,trueskill_conservative,-1037.0
Sarah Snider,1,1037,1,2.3275243918929696,trueskill_conservative,-1036.0
Anna Locke,1,1036,1,2.326607268107316,trueskill_conservative,-1035.0
Jackie Searfino,1,1035,1,2.3182793904258423,trueskill_conservative,-1034.0
Melissa Crone,1,1034,1,2.317129174754268,trueskill_conservative,-1033.0
Rebecca Bertagnoli,1,1033,1,2.3079888608739534,trueskill_conservative,-1032.0
Elaine Brenner,1,1032,1,2.307654800460312,trueskill_conservative,-1031.0
Sarah Mathis,1,1031,1,2.307277784108723,trueskill_conservative,-1030.0
Michelle Abbott,1,1030,1,2.3072646098118548,trueskill_conservative,-1029.0
Danielle Swales,2,1029,1,2.306150982287874,trueskill_conservative,-1028.0
Krystal Chavez,1,1028,1,2.3032134332296064,trueskill_conservative,-1027.0
Lisa Peterson,1,1027,1,2.3025925716268403,trueskill_conservative,-1026.0
Vicky Vetter,1,1237,211,5.341478845932001,conservative_log_zscore,-1026.0
Caroline Meyer,1,1026,1,2.2985677592708478,trueskill_conservative,-1025.0
Jaidah Dance,1,1025,1,2.2972219901252564,trueskill_conservative,-1024.0
Susan Hann,2,1024,1,2.294788496805557,trueskill_conservative,-1023.0
Debby Kilgore,1,1094,72,2.50029373001238,msp_like_score,-1022.0
Stephanie Gildenmeister,2,1023,1,2.292050982603351,trueskill_conservative,-1022.0
Lauren O'Keefe,1,1022,1,2.290235100405692,trueskill_conservative,-1021.0
Robert Curtin,1,1021,1,2.289800598209203,trueskill_conservative,-1020.0
Betsy Lancaster,1,1020,1,2.287820998106377,trueskill_conservative,-1019.0
Michal Jankowski,1,1019,1,2.285192909280501,trueskill_conservative,-1018.0
Angela Wald,1,1018,1,2.2850270223663918,trueskill_conservative,-1017.0
Debbie Thompson,1,1017,1,2.282334790026418,trueskill_conservative,-1016.0
Patrick Madigan,1,1016,1,2.275378616289917,trueskill_conservative,-1015.0
Maurice Werner,2,1015,1,2.266030378576076,trueskill_conservative,-1014.0
Vicky Vetter,1,1237,223,5.341478845932001,weighted_event_percentile,-1014.0
Susan Miller,2,1014,1,2.266021782876084,trueskill_conservative,-1013.0
Cristina Wood,2,1013,1,2.26239863758891,trueskill_conservative,-1012.0
Ashley Mixson,1,1011,1,2.2555442677578483,trueskill_conservative,-1010.0
Ashley Stanley,1,1011,1,2.2555442677578483,trueskill_conservative,-1010.0
Chelsea Linn,2,1010,1,2.248405669440908,trueskill_conservative,-1009.0
Kate Johnson,1,1009,1,2.242941028957711,trueskill_conservative,-1008.0
Gloria Johnston,7,1008,1,2.2409997211759087,trueskill_conservative,-1007.0
Dawn Pratt,1,1007,1,2.233490038187882,trueskill_conservative,-1006.0
Kendelle Leckie,2,1006,1,2.2256684413063117,trueskill_conservative,-1005.0
