event_date,event_id,event_name,member_key,full_name,external_combined_incoming_score,external_combined_predicted_time,external_combined_predicted_rank,external_logtime_incoming_score,external_logtime_predicted_time,external_logtime_predicted_rank,external_logtime_no_tier_incoming_score,external_logtime_no_tier_predicted_time,external_logtime_no_tier_predicted_rank,score_diff_comb_log,time_diff_comb_log,rank_diff_comb_log,score_diff_abs,time_diff_abs,rank_diff_abs,rank_flip_same_time
2026-03-29,260329.02,2026 USA Jigsaw Nationals Individual Final,22713270,Christina Harwell,0.4277687733088425,3461.552337412044,70,0.3827873299099725,3743.533485060979,113,0.4277687733088425,3461.552337412044,70,0.04498144339887,-281.9811476489349,-43,0.04498144339887,281.9811476489349,43,False
2026-03-29,260329.02,2026 USA Jigsaw Nationals Individual Final,23764523,Aubrey Barrow,0.3993978812508985,3561.166048489492,83,0.4861950576427896,3375.765859009542,53,0.3993978812508985,3561.166048489492,83,-0.0867971763918911,185.40018947994986,30,0.0867971763918911,185.40018947994986,30,False
2026-03-29,260329.02,2026 USA Jigsaw Nationals Individual Final,22477088,Samantha Saake,0.3491808035966916,3744.563709058004,111,0.3423137226720341,3898.155742459086,141,0.3491808035966916,3744.563709058004,111,0.006867080924657543,-153.59203340108206,-30,0.006867080924657543,153.59203340108206,30,False
2026-03-29,260329.02,2026 USA Jigsaw Nationals Individual Final,24244256,Kelsie Foster,0.2958976697853848,3949.4970607341097,150,0.3686886114962453,3796.686322536794,122,0.2958976697853848,3949.4970607341097,150,-0.07279094171086053,152.8107381973159,28,0.07279094171086053,152.8107381973159,28,False
2026-03-29,260329.02,2026 USA Jigsaw Nationals Individual Final,22195550,Carmen Dueñas,0.3206247102262194,3853.035210127311,129,0.3276823829910762,3955.610276693013,153,0.3206247102262194,3853.035210127311,129,-0.007057672764856804,-102.57506656570195,-24,0.007057672764856804,102.57506656570195,24,False
2026-03-29,260329.02,2026 USA Jigsaw Nationals Individual Final,21583590,Lindsay Wang,0.4018972632894924,3552.27644791316,79,0.3945221729003884,3699.860456620907,103,0.4018972632894924,3552.27644791316,79,0.007375090389104,-147.58400870774676,-24,0.007375090389104,147.58400870774676,24,False
2026-03-29,260329.02,2026 USA Jigsaw Nationals Individual Final,23848490,Ryder Jackson,0.3079593077156621,3902.145798139341,143,0.3737437719719729,3777.541893749316,119,0.3079593077156621,3902.145798139341,143,-0.06578446425631079,124.60390439002504,24,0.06578446425631079,124.60390439002504,24,False
2026-03-29,260329.02,2026 USA Jigsaw Nationals Individual Final,20533269,Elizaveta Gallagher,0.3579815989750253,3711.75316130736,107,0.4233741019128806,3594.637585923256,86,0.3579815989750253,3711.75316130736,107,-0.06539250293785531,117.11557538410398,21,0.06539250293785531,117.11557538410398,21,False
2026-03-29,260329.02,2026 USA Jigsaw Nationals Individual Final,21249910,Lena Nguyen-Vo,0.308363882995142,3900.5674057232895,142,0.3691523600100047,3794.92602309718,121,0.308363882995142,3900.5674057232895,142,-0.060788477014862674,105.64138262610959,21,0.060788477014862674,105.64138262610959,21,False
2026-03-29,260329.02,2026 USA Jigsaw Nationals Individual Final,24728793,Jamie Marsigit,0.3693907224931942,3669.645970839658,99,0.4386814072738155,3540.0323663434624,79,0.3693907224931942,3669.645970839658,99,-0.06929068478062128,129.61360449619542,20,0.06929068478062128,129.61360449619542,20,False
2026-03-29,260329.02,2026 USA Jigsaw Nationals Individual Final,21926468,Meredith Yeager,0.2192243191198726,4264.229870811352,191,0.2916382658510264,4100.787430796121,171,0.2192243191198726,4264.229870811352,191,-0.07241394673115381,163.4424400152311,20,0.07241394673115381,163.4424400152311,20,False
2026-03-29,260329.02,2026 USA Jigsaw Nationals Individual Final,18518434,Elizabeth McElveen,0.3536098581929193,3728.015505451664,109,0.3610542521773444,3825.782514216532,129,0.3536098581929193,3728.015505451664,109,-0.007444393984425091,-97.76700876486802,-20,0.007444393984425091,97.76700876486802,20,False
2026-03-29,260329.02,2026 USA Jigsaw Nationals Individual Final,20722129,Karen Kavett,0.4405144754345423,3417.7124013025104,61,0.4311366635090009,3566.8420122470343,81,0.4405144754345423,3417.7124013025104,61,0.009377811925541435,-149.12961094452385,-20,0.009377811925541435,149.12961094452385,20,False
2026-03-29,260329.02,2026 USA Jigsaw Nationals Individual Final,22555702,Rose Robbins,0.3386307520244293,3784.278175777347,121,0.3970809043560021,3690.405608656105,101,0.3386307520244293,3784.278175777347,121,-0.05845015233157275,93.8725671212419,20,0.05845015233157275,93.8725671212419,20,False
2026-03-29,260329.02,2026 USA Jigsaw Nationals Individual Final,21992691,Claire Bailey,0.3328928831916492,3806.0542820526753,126,0.3360762147698335,3922.546509427631,145,0.3328928831916492,3806.0542820526753,126,-0.0031833315781842897,-116.49222737495575,-19,0.0031833315781842897,116.49222737495575,19,False
2026-03-29,260329.02,2026 USA Jigsaw Nationals Individual Final,22732244,Amber Whitear,0.3348356194126448,3798.667300341663,124,0.3929633453635381,3705.632398545402,105,0.3348356194126448,3798.667300341663,124,-0.05812772595089333,93.03490179626124,19,0.05812772595089333,93.03490179626124,19,False
2026-03-29,260329.02,2026 USA Jigsaw Nationals Individual Final,22392412,Elizabeth Alvarez,0.3043279548788787,3916.341625782744,146,0.3630596064931052,3818.118152189709,127,0.3043279548788787,3916.341625782744,146,-0.0587316516142265,98.22347359303512,19,0.0587316516142265,98.22347359303512,19,False
2026-03-29,260329.02,2026 USA Jigsaw Nationals Individual Final,17731966,Melinda Whiting,0.3896246384653219,3596.140818954821,85,0.3943793529465721,3700.3889082562655,104,0.3896246384653219,3596.140818954821,85,-0.0047547144812502,-104.24808930144445,-19,0.0047547144812502,104.24808930144445,19,False
2026-03-29,260329.02,2026 USA Jigsaw Nationals Individual Final,21916024,Emmie Lee,0.281803263968757,4005.557012904302,160,0.2862323074068181,4123.0161468581655,179,0.281803263968757,4005.557012904302,160,-0.004429043438061109,-117.45913395386333,-19,0.004429043438061109,117.45913395386333,19,False
2026-03-29,260329.02,2026 USA Jigsaw Nationals Individual Final,23769192,Angela Harrow,0.347157704741515,3752.146999897958,114,0.3595073259668687,3831.705297336488,132,0.347157704741515,3752.146999897958,114,-0.012349621225353657,-79.55829743853019,-18,0.012349621225353657,79.55829743853019,18,False
2026-03-29,260329.02,2026 USA Jigsaw Nationals Individual Final,23984023,Dakota Scully,0.3087652037404783,3899.002341172233,141,0.3155156807388041,4004.03097194387,158,0.3087652037404783,3899.002341172233,141,-0.006750476998325816,-105.02863077163693,-17,0.006750476998325816,105.02863077163693,17,False
2025-08-02,250802.0,SPDC 389,22206793,Bill McFadden,0.0100326360887716,4071.9594906568086,83,-0.0536654761821594,4357.713801355493,100,0.0100326360887716,4071.9594906568086,83,0.063698112270931,-285.75431069868455,-17,0.063698112270931,285.75431069868455,17,False
2026-03-29,260329.02,2026 USA Jigsaw Nationals Individual Final,22465006,Calie Curran,0.3893231761576801,3597.225083288916,86,0.4572209445915984,3475.006441975646,70,0.3893231761576801,3597.225083288916,86,-0.06789776843391832,122.21864131326993,16,0.06789776843391832,122.21864131326993,16,False
2026-03-29,260329.02,2026 USA Jigsaw Nationals Individual Final,24126099,Nicole Pichette,0.3791594081065422,3633.9728763423054,93,0.387039465232022,3727.6492689511456,109,0.3791594081065422,3633.9728763423054,93,-0.007880057125479789,-93.67639260884016,-16,0.007880057125479789,93.67639260884016,16,False
2025-07-05,250705.0,SPDC 366,22490366,Alicia Gould,-0.0002893457227643,7830.419189735397,86,-0.0728276214829675,8465.769420341107,102,-0.0002893457227643,7830.419189735397,86,0.07253827576020319,-635.3502306057098,-16,0.07253827576020319,635.3502306057098,16,False
2026-03-29,260329.02,2026 USA Jigsaw Nationals Individual Final,21935409,Darya Leylian,0.2668013483527775,4066.101043942944,168,0.2808282754256245,4145.357369946551,183,0.2668013483527775,4066.101043942944,168,-0.014026927072846973,-79.25632600360723,-15,0.014026927072846973,79.25632600360723,15,False
2026-03-29,260329.02,2026 USA Jigsaw Nationals Individual Final,17731998,Liz Walters,0.314444722385796,3876.920650720994,135,0.3329379151197846,3934.875972420845,149,0.314444722385796,3876.920650720994,135,-0.018493192733988584,-57.95532169985063,-14,0.018493192733988584,57.95532169985063,14,False
2026-03-29,260329.02,2026 USA Jigsaw Nationals Individual Final,21181439,Chelsea Widmaier,0.2933883086360547,3959.420220406296,151,0.3502313060980752,3867.413631372025,137,0.2933883086360547,3959.420220406296,151,-0.056842997462020484,92.00658903427075,14,0.056842997462020484,92.00658903427075,14,False
2026-03-29,260329.02,2026 USA Jigsaw Nationals Individual Final,20508154,Meri Cartee,0.3008569824632601,3929.9587582102895,147,0.3578129141373314,3838.203287700801,133,0.3008569824632601,3929.9587582102895,147,-0.056955931674071314,91.75547050948853,14,0.056955931674071314,91.75547050948853,14,False
2026-03-29,260329.02,2026 USA Jigsaw Nationals Individual Final,23786476,Bethany Quinn,0.3163901776557248,3869.385606931826,132,0.3341281749960662,3930.195233633121,146,0.3163901776557248,3869.385606931826,132,-0.01773799734034137,-60.8096267012952,-14,0.01773799734034137,60.8096267012952,14,False
2026-03-29,260329.02,2026 USA Jigsaw Nationals Individual Final,21924776,Nicholas Mueller,0.3611343061480544,3700.069517722184,104,0.4164565610295319,3619.5898430119946,90,0.3611343061480544,3700.069517722184,104,-0.05532225488147746,80.47967471018956,14,0.05532225488147746,80.47967471018956,14,False
2026-03-29,260329.02,2026 USA Jigsaw Nationals Individual Final,24204399,Katie Hartzler,0.4309701165876519,3450.4884392196027,68,0.4828579895643314,3387.0498367273617,55,0.4309701165876519,3450.4884392196027,68,-0.05188787297667952,63.43860249224099,13,0.05188787297667952,63.43860249224099,13,False
2026-03-29,260329.02,2026 USA Jigsaw Nationals Individual Final,21259768,Melissa Germait,0.3348006636087166,3798.8000881318458,125,0.3833151031285314,3741.558269623537,112,0.3348006636087166,3798.8000881318458,125,-0.04851443951981482,57.241818508308825,13,0.04851443951981482,57.241818508308825,13,False
2026-03-29,260329.02,2026 USA Jigsaw Nationals Individual Final,21113122,Jeremy Seidling,0.3109643015714494,3890.4374745223104,139,0.3647090654444699,3811.825514176961,126,0.3109643015714494,3890.4374745223104,139,-0.05374476387302052,78.61196034534942,13,0.05374476387302052,78.61196034534942,13,False
2026-03-29,260329.02,2026 USA Jigsaw Nationals Individual Final,23888265,Feifei Xue,0.4213113332752659,3483.9774304764246,74,0.4686562854775526,3435.4949032541235,61,0.4213113332752659,3483.9774304764246,74,-0.04734495220228674,48.48252722230109,13,0.04734495220228674,48.48252722230109,13,False
2026-03-29,260329.02,2026 USA Jigsaw Nationals Individual Final,23763793,Michael Ha,0.2888004294373529,3977.627296070108,156,0.3363273689280698,3921.561469264562,143,0.2888004294373529,3977.627296070108,156,-0.0475269394907169,56.06582680554584,13,0.0475269394907169,56.06582680554584,13,False
2026-03-29,260329.02,2026 USA Jigsaw Nationals Individual Final,22860511,Lydia Utkin,0.2964764790296247,3947.211716778163,149,0.3509142467425048,3864.773319105244,136,0.2964764790296247,3947.211716778163,149,-0.054437767712880114,82.43839767291911,13,0.054437767712880114,82.43839767291911,13,False
2026-03-29,260329.02,2026 USA Jigsaw Nationals Individual Final,18495081,Trisha Siedlecki,0.4506878570952874,3383.118973072721,57,0.4574023180773299,3474.3762250983714,69,0.4506878570952874,3383.118973072721,57,-0.0067144609820424805,-91.25725202565036,-12,0.0067144609820424805,91.25725202565036,12,False
2025-08-02,250802.0,SPDC 389,23746602,Amanda Collman,-0.1063774794246699,4574.669457749844,110,-0.1707136312398117,4898.826650734238,122,-0.1063774794246699,4574.669457749844,110,0.06433615181514181,-324.157192984394,-12,0.06433615181514181,324.157192984394,12,False
2026-03-27,260327.02,2026 USA Jigsaw Nationals Individual Prelim B,22818857,Sami Heathcote,-0.0124511259625007,5204.761064690386,77,-0.1172149610754214,5782.588228020483,89,-0.0124511259625007,5204.761064690386,77,0.1047638351129207,-577.8271633300974,-12,0.1047638351129207,577.8271633300974,12,False
2026-03-29,260329.02,2026 USA Jigsaw Nationals Individual Final,22074241,Josh Nelson,0.2600037056803203,4093.835102224391,173,0.3030936367953613,4054.0794291274574,161,0.2600037056803203,4093.835102224391,173,-0.043089931115041,39.755673096933606,12,0.043089931115041,39.755673096933606,12,False
2026-03-29,260329.02,2026 USA Jigsaw Nationals Individual Final,22077461,Jessica Musser,0.3564008128086187,3717.625289424499,108,0.401385345126012,3674.5546156009104,96,0.3564008128086187,3717.625289424499,108,-0.0449845323173933,43.07067382358855,12,0.0449845323173933,43.07067382358855,12,False
2026-03-29,260329.02,2026 USA Jigsaw Nationals Individual Final,20722068,Elizabeth Nelson,0.4359498563112105,3433.348616221014,64,0.4425593122322223,3526.3310406666983,76,0.4359498563112105,3433.348616221014,64,-0.006609455921011753,-92.9824244456845,-12,0.006609455921011753,92.9824244456845,12,False
2025-07-05,250705.0,SPDC 366,22654912,Karen Wells,0.1106540472117616,7008.142252390909,65,0.0549607735579223,7450.21216660134,77,0.1106540472117616,7008.142252390909,65,0.0556932736538393,-442.0699142104313,-12,0.0556932736538393,442.0699142104313,12,False
2025-08-02,250802.0,SPDC 389,22818396,Nicole Dominguez,-0.0879229881689397,4491.020483874308,107,-0.1545800638725737,4820.42524869237,118,-0.0879229881689397,4491.020483874308,107,0.066657075703634,-329.40476481806127,-11,0.066657075703634,329.40476481806127,11,False
2026-03-29,260329.02,2026 USA Jigsaw Nationals Individual Final,24189640,Lizzy Klinnert,0.2621475318476536,4085.068032302228,171,0.2811936744342257,4143.842937176242,182,0.2621475318476536,4085.068032302228,171,-0.019046142586572112,-58.77490487401428,-11,0.019046142586572112,58.77490487401428,11,False
2026-03-29,260329.02,2026 USA Jigsaw Nationals Individual Final,17732010,Yvonne Feucht,0.4365023376681756,3431.4522790123065,62,0.447249407114184,3509.830937272045,73,0.4365023376681756,3431.4522790123065,62,-0.010747069446008395,-78.37865825973859,-11,0.010747069446008395,78.37865825973859,11,False
2026-03-29,260329.02,2026 USA Jigsaw Nationals Individual Final,17593433,Tammy McLeod,0.4300437114825592,3453.686470432259,69,0.4353997122143788,3551.668756168643,80,0.4300437114825592,3453.686470432259,69,-0.005356000731819577,-97.98228573638426,-11,0.005356000731819577,97.98228573638426,11,False
2026-03-29,260329.02,2026 USA Jigsaw Nationals Individual Final,21918754,Karen Ni,0.3181723795491771,3862.495721983321,131,0.3379759812348758,3915.101661087167,142,0.3181723795491771,3862.495721983321,131,-0.019803601685698724,-52.60593910384614,-11,0.019803601685698724,52.60593910384614,11,False
2026-03-29,260329.02,2026 USA Jigsaw Nationals Individual Final,24718378,Arabella Etzold-Erickson,0.3138861744767267,3879.086701509338,136,0.3340604329899853,3930.4614819605263,147,0.3138861744767267,3879.086701509338,136,-0.020174258513258603,-51.374780451188144,-11,0.020174258513258603,51.374780451188144,11,False
2026-03-29,260329.02,2026 USA Jigsaw Nationals Individual Final,18475588,Dawne Rasmusson,0.4960180559255336,3233.1854486676293,43,0.5444573457956224,3184.70585524159,33,0.4960180559255336,3233.1854486676293,43,-0.04843928987008883,48.47959342603917,10,0.04843928987008883,48.47959342603917,10,False
2025-09-27,250927.0,SPDC 417,21090776,Ashley Willard,-0.0151902499248271,4642.234338187292,91,-0.0509934727792581,4836.249554241921,101,-0.0151902499248271,4642.234338187292,91,0.035803222854431,-194.01521605462858,-10,0.035803222854431,194.01521605462858,10,False
2026-03-29,260329.02,2026 USA Jigsaw Nationals Individual Final,22703189,Beatrice Endler,0.506193823899053,3200.452129507576,37,0.5696065592415642,3105.611753905834,27,0.506193823899053,3200.452129507576,37,-0.06341273534251124,94.84037560174193,10,0.06341273534251124,94.84037560174193,10,False
2026-03-29,260329.02,2026 USA Jigsaw Nationals Individual Final,22035202,Rebecca Streitz,0.448483984080546,3390.583159721737,58,0.4575947999659123,3473.7075349583533,68,0.448483984080546,3390.583159721737,58,-0.009110815885366275,-83.12437523661629,-10,0.009110815885366275,83.12437523661629,10,False
2026-03-29,260329.02,2026 USA Jigsaw Nationals Individual Final,22060891,Kirsty Weitzel,0.2578227776921089,4102.773204914313,175,0.2969264561221302,4079.158924831466,165,0.2578227776921089,4102.773204914313,175,-0.03910367843002133,23.614280082847472,10,0.03910367843002133,23.614280082847472,10,False
2026-03-29,260329.02,2026 USA Jigsaw Nationals Individual Final,21856865,Aloysia Larson,0.3981988659921512,3565.438501777051,84,0.4469415391458335,3510.9116681446308,74,0.3981988659921512,3565.438501777051,84,-0.0487426731536823,54.52683363242022,10,0.0487426731536823,54.52683363242022,10,False
2025-05-03,250503.0,SDPC 332,22817937,J.D. Armstrong,-0.0190530502804752,5393.595679748556,75,-0.0713639748871093,5737.104946388919,85,-0.0190530502804752,5393.595679748556,75,0.0523109246066341,-343.5092666403634,-10,0.0523109246066341,343.5092666403634,10,False
2025-08-02,250802.0,SPDC 389,21922205,Maria Seitz,0.109698181136801,3685.693804299135,62,0.174811058347968,3467.628836014787,52,0.109698181136801,3685.693804299135,62,-0.065112877211167,218.0649682843482,10,0.065112877211167,218.0649682843482,10,False
2025-07-05,250705.0,SPDC 366,22757315,Shalise Hassing,0.1390252307875891,6812.106987547915,56,0.1081323602073186,7064.420043390775,66,0.1390252307875891,6812.106987547915,56,0.0308928705802705,-252.3130558428602,-10,0.0308928705802705,252.3130558428602,10,False
2026-03-29,260329.02,2026 USA Jigsaw Nationals Individual Final,22862692,Jennifer Hancock,0.2566463743960002,4107.602560913963,176,0.2963042474565996,4081.697802636543,167,0.2566463743960002,4107.602560913963,176,-0.039657873060599425,25.904758277420115,9,0.039657873060599425,25.904758277420115,9,False
2025-09-27,250927.0,SPDC 417,22757315,Shalise Hassing,0.158212259061401,3903.186534890596,56,0.1309332262218869,4031.79963511027,65,0.158212259061401,3903.186534890596,56,0.027279032839514078,-128.61310021967438,-9,0.027279032839514078,128.61310021967438,9,False
2025-08-02,250802.0,SPDC 389,21090776,Ashley Willard,0.0048921018198213,4092.9454312206913,89,-0.0516187242833582,4348.803763786783,98,0.0048921018198213,4092.9454312206913,89,0.0565108261031795,-255.85833256609158,-9,0.0565108261031795,255.85833256609158,9,False
2025-05-03,250503.0,SDPC 332,22549913,Sabrina Monserate-Lindsay,0.2449201782865472,4142.2496581283385,33,0.2046380048952421,4353.380799699179,42,0.2449201782865472,4142.2496581283385,33,0.040282173391305104,-211.13114157084055,-9,0.040282173391305104,211.13114157084055,9,False
2025-11-01,251101.0,SPDC 435,21922205,Maria Seitz,0.0903737253994728,4589.353708186674,70,0.1336783032342988,4420.189185392998,61,0.0903737253994728,4589.353708186674,70,-0.043304577834826,169.16452279367604,9,0.043304577834826,169.16452279367604,9,False
2026-03-29,260329.02,2026 USA Jigsaw Nationals Individual Final,21942386,Megan Bailey,0.2474682820179785,4145.476054016138,182,0.2912388587570433,4102.425641521612,173,0.2474682820179785,4145.476054016138,182,-0.043770576739064815,43.05041249452552,9,0.043770576739064815,43.05041249452552,9,False
2026-03-29,260329.02,2026 USA Jigsaw Nationals Individual Final,21198876,Angie Gazdic,0.3586714600450149,3709.1934503239568,106,0.3799557781326499,3754.148515365697,115,0.3586714600450149,3709.1934503239568,106,-0.021284318087635035,-44.955065041740454,-9,0.021284318087635035,44.955065041740454,9,False
2026-03-29,260329.02,2026 USA Jigsaw Nationals Individual Final,21187349,Alison Filley,0.2610266031202097,4089.649669778008,172,0.3009955895118097,4062.594008332636,163,0.2610266031202097,4089.649669778008,172,-0.039968986391600014,27.055661445372152,9,0.039968986391600014,27.055661445372152,9,False
2026-03-29,260329.02,2026 USA Jigsaw Nationals Individual Final,21976246,Edith Lewis,0.3787114889120778,3635.6009671451206,94,0.3959093291964477,3694.731729889143,102,0.3787114889120778,3635.6009671451206,94,-0.017197840284369936,-59.13076274402238,-8,0.017197840284369936,59.13076274402238,8,False
2026-03-27,260327.01,2026 USA Jigsaw Nationals Individual Prelim A,21832826,Krystal Cotriss,0.1516388442222427,3872.0144718343936,49,0.1112188421954108,4031.6435459176782,57,0.1516388442222427,3872.0144718343936,49,0.040420002026831894,-159.62907408328465,-8,0.040420002026831894,159.62907408328465,8,False
2026-03-27,260327.02,2026 USA Jigsaw Nationals Individual Prelim B,22490556,Cecilia Frew,-0.1352313388951088,5884.689681980338,90,-0.2086183072098353,6336.044760154529,98,-0.1352313388951088,5884.689681980338,90,0.07338696831472649,-451.3550781741915,-8,0.07338696831472649,451.3550781741915,8,False
2026-03-29,260329.02,2026 USA Jigsaw Nationals Individual Final,24712164,Elena Christenfeld,0.4227793703448937,3478.8665748393846,72,0.4639745786921184,3451.61659211732,64,0.4227793703448937,3478.8665748393846,72,-0.04119520834722468,27.249982722064487,8,0.04119520834722468,27.249982722064487,8,False
2025-07-05,250705.0,SPDC 366,22729973,Ashley Tucker,0.2077081185745227,6359.937693198102,41,0.1975182737067145,6460.359785384468,49,0.2077081185745227,6359.937693198102,41,0.010189844867808218,-100.42209218636526,-8,0.010189844867808218,100.42209218636526,8,False
2026-03-29,260329.02,2026 USA Jigsaw Nationals Individual Final,24495053,Nicole Zern,0.2070464280677743,4316.476679887192,193,0.2717186480227951,4183.292556407156,185,0.2070464280677743,4316.476679887192,193,-0.06467221995502082,133.18412348003676,8,0.06467221995502082,133.18412348003676,8,False
2025-07-05,250705.0,SPDC 366,21550393,Sarah Eggerichs,0.1249012878510232,6909.003467309608,62,0.1708097307535816,6635.231470952659,54,0.1249012878510232,6909.003467309608,62,-0.04590844290255841,273.7719963569489,8,0.04590844290255841,273.7719963569489,8,False
2025-09-27,250927.0,SPDC 417,18518434,Elizabeth McElveen,0.306628345950417,3364.829162500203,27,0.2666695581016153,3520.0546110113546,35,0.306628345950417,3364.829162500203,27,0.03995878784880169,-155.22544851115163,-8,0.03995878784880169,155.22544851115163,8,False
2025-11-01,251101.0,SPDC 435,19573602,Isabel Urrutia,0.2192584555635594,4034.387444553217,36,0.2088302215836822,4100.178785378232,44,0.2192584555635594,4034.387444553217,36,0.010428233979877216,-65.79134082501469,-8,0.010428233979877216,65.79134082501469,8,False
2026-03-29,260329.02,2026 USA Jigsaw Nationals Individual Final,22549913,Sabrina Monserate-Lindsay,0.3388346728992157,3783.5065611381447,120,0.3624179815087357,3820.568738283984,128,0.3388346728992157,3783.5065611381447,120,-0.023583308609520015,-37.06217714583954,-8,0.023583308609520015,37.06217714583954,8,False
2026-03-29,260329.02,2026 USA Jigsaw Nationals Individual Final,22862145,Katie Ruberg,0.3623696387675286,3695.501523229834,101,0.4060263338251445,3657.5405607122793,93,0.3623696387675286,3695.501523229834,101,-0.043656695057615935,37.96096251755489,8,0.043656695057615935,37.96096251755489,8,False
2026-03-29,260329.02,2026 USA Jigsaw Nationals Individual Final,24124042,Amber Whitmill,0.613135222597215,2875.856927560996,16,0.682063352890267,2775.286331845082,8,0.613135222597215,2875.856927560996,16,-0.068928130293052,100.57059571591435,8,0.068928130293052,100.57059571591435,8,False
2026-03-29,260329.02,2026 USA Jigsaw Nationals Individual Final,23838242,Rose Barrett,0.4216149986737244,3482.9196276989574,73,0.460486197906512,3463.678170574567,65,0.4216149986737244,3482.9196276989574,73,-0.038871199232787645,19.24145712439031,8,0.038871199232787645,19.24145712439031,8,False
2026-03-29,260329.02,2026 USA Jigsaw Nationals Individual Final,24675996,Taylor Puch,0.4195175282531191,3490.2326153019453,75,0.4599608562805727,3465.49826293971,67,0.4195175282531191,3490.2326153019453,75,-0.040443328027453596,24.734352362235313,8,0.040443328027453596,24.734352362235313,8,False
2025-09-27,250927.0,SPDC 417,22206793,Bill McFadden,0.0904011361879191,4177.046436428266,68,0.0544508756261553,4352.259721632938,76,0.0904011361879191,4177.046436428266,68,0.03595026056176381,-175.2132852046716,-8,0.03595026056176381,175.2132852046716,8,False
2025-09-27,250927.0,SPDC 417,22549913,Sabrina Monserate-Lindsay,0.2488717860911514,3564.891978058062,35,0.2351665973293073,3632.711956352554,43,0.2488717860911514,3564.891978058062,35,0.013705188761844095,-67.8199782944921,-8,0.013705188761844095,67.8199782944921,8,False
2025-09-27,250927.0,SPDC 417,21606421,Robin Patrick,0.0350314798364381,4414.8508855444,80,0.0020289029091173,4586.499785381359,88,0.0350314798364381,4414.8508855444,80,0.033002576927320795,-171.64889983695957,-8,0.033002576927320795,171.64889983695957,8,False
2026-03-29,260329.02,2026 USA Jigsaw Nationals Individual Final,24718370,Casey Abbott,0.4243578416935286,3473.379615268782,71,0.4647530757556468,3448.9305644039314,63,0.4243578416935286,3473.379615268782,71,-0.0403952340621182,24.449050864850506,8,0.0403952340621182,24.449050864850506,8,False
2026-03-29,260329.02,2026 USA Jigsaw Nationals Individual Final,24108422,Melinda Shokler,0.5051113217344396,3203.9185017047207,39,0.5524126192119236,3159.4711569591004,31,0.5051113217344396,3203.9185017047207,39,-0.04730129747748402,44.447344745620285,8,0.04730129747748402,44.447344745620285,8,False
2026-03-29,260329.02,2026 USA Jigsaw Nationals Individual Final,24719111,Ben Weissmann,0.5120315799952523,3181.823099350612,33,0.5306533304223288,3228.972409004243,41,0.5120315799952523,3181.823099350612,33,-0.018621750427076478,-47.14930965363101,-8,0.018621750427076478,47.14930965363101,8,False
2026-03-29,260329.02,2026 USA Jigsaw Nationals Individual Final,24184814,Alexandra Michonski,0.2813667234054838,4007.305982739301,161,0.29577710954413,4083.8499874948416,168,0.2813667234054838,4007.305982739301,161,-0.014410386138646203,-76.54400475554075,-7,0.014410386138646203,76.54400475554075,7,False
2026-03-29,260329.02,2026 USA Jigsaw Nationals Individual Final,19369070,Amanda Messinger,0.2641399429457137,4076.937000287365,170,0.2888484031865833,4112.244038294,177,0.2641399429457137,4076.937000287365,170,-0.02470846024086959,-35.30703800663514,-7,0.02470846024086959,35.30703800663514,7,False
2026-03-29,260329.02,2026 USA Jigsaw Nationals Individual Final,19326944,Min-Yee Deng,0.5029702924360132,3210.7855337218034,42,0.5033941469437236,3318.20220076946,49,0.5029702924360132,3210.7855337218034,42,-0.00042385450771043054,-107.41666704765657,-7,0.00042385450771043054,107.41666704765657,7,False
2026-03-29,260329.02,2026 USA Jigsaw Nationals Individual Final,20563304,Jessica Derby,0.3793587901710947,3633.2483995539305,91,0.4001214683481961,3679.201735923513,98,0.3793587901710947,3633.2483995539305,91,-0.020762678177101423,-45.9533363695823,-7,0.020762678177101423,45.9533363695823,7,False
2026-03-27,260327.02,2026 USA Jigsaw Nationals Individual Prelim B,23766491,Maggie Kirkland,0.1199069940728169,4559.512345445422,58,0.1610788016347639,4377.8494473725805,51,0.1199069940728169,4559.512345445422,58,-0.04117180756194701,181.66289807284193,7,0.04117180756194701,181.66289807284193,7,False
2025-11-01,251101.0,SPDC 435,22490366,Alicia Gould,-0.0887286515783402,5489.52420944626,109,-0.1096367272301456,5637.820348394072,116,-0.0887286515783402,5489.52420944626,109,0.0209080756518054,-148.29613894781232,-7,0.0209080756518054,148.29613894781232,7,False
2025-09-27,250927.0,SPDC 417,22817937,J.D. Armstrong,0.0199260406537398,4482.04537053356,83,-0.0078505474244285,4632.036450448595,90,0.0199260406537398,4482.04537053356,83,0.027776588078168303,-149.9910799150348,-7,0.027776588078168303,149.9910799150348,7,False
2025-11-01,251101.0,SPDC 435,22654912,Karen Wells,0.0737685251512914,4666.197079628538,73,0.0574150133624389,4770.474554034014,80,0.0737685251512914,4666.197079628538,73,0.0163535117888525,-104.27747440547591,-7,0.0163535117888525,104.27747440547591,7,False
2025-11-01,251101.0,SPDC 435,21187349,Alison Filley,0.2055901365043262,4089.909320316275,44,0.2304343796351977,4012.547879207992,37,0.2055901365043262,4089.909320316275,44,-0.024844243130871496,77.36144110828309,7,0.024844243130871496,77.36144110828309,7,False
2026-03-29,260329.02,2026 USA Jigsaw Nationals Individual Final,24223016,Rebecca Watson,0.3120781977942326,3886.106343577492,138,0.3606695995604,3827.2543945356506,131,0.3120781977942326,3886.106343577492,138,-0.048591401766167386,58.851949041841635,7,0.048591401766167386,58.851949041841635,7,False
2026-03-29,260329.02,2026 USA Jigsaw Nationals Individual Final,19958106,Taylor Reed,0.4639286483614354,3338.619058100968,53,0.518803342464145,3267.4633010582857,46,0.4639286483614354,3338.619058100968,53,-0.054874694102709565,71.15575704268213,7,0.054874694102709565,71.15575704268213,7,False
2026-03-29,260329.02,2026 USA Jigsaw Nationals Individual Final,21896776,Tally Klinefelter,0.4450918147953138,3402.104121253635,59,0.4601279426653891,3464.91927373532,66,0.4450918147953138,3402.104121253635,59,-0.0150361278700753,-62.81515248168489,-7,0.0150361278700753,62.81515248168489,7,False
2026-03-29,260329.02,2026 USA Jigsaw Nationals Individual Final,22871519,Grace Byrnes,0.3312342781306451,3812.3722610149,127,0.3548020003239213,3849.777202284357,134,0.3312342781306451,3812.3722610149,127,-0.023567722193276186,-37.40494126945714,-7,0.023567722193276186,37.40494126945714,7,False
2026-03-29,260329.02,2026 USA Jigsaw Nationals Individual Final,22623572,Melissa Harlow,0.4355185744064659,3434.8296767062097,65,0.4496306466875529,3501.483131955112,72,0.4355185744064659,3434.8296767062097,65,-0.014112072281087018,-66.65345524890245,-7,0.014112072281087018,66.65345524890245,7,False
2025-09-27,250927.0,SPDC 417,17731931,Jessica Graber,-0.0159337563952462,4645.687152890906,92,0.0069750801509914,4563.870155738124,85,-0.0159337563952462,4645.687152890906,92,-0.0229088365462376,81.81699715278228,7,0.0229088365462376,81.81699715278228,7,False
2025-08-02,250802.0,SPDC 389,21861742,Rachel DiDonna,-0.1970374722439631,5008.79035213645,128,-0.1650307981078328,4871.066389510557,121,-0.1970374722439631,5008.79035213645,128,-0.032006674136130286,137.72396262589245,7,0.032006674136130286,137.72396262589245,7,False
2025-05-03,250503.0,SDPC 332,22729973,Ashley Tucker,0.2115995660101415,4282.597200982851,39,0.1957277979028521,4392.343649492342,46,0.2115995660101415,4282.597200982851,39,0.01587176810728938,-109.74644850949062,-7,0.01587176810728938,109.74644850949062,7,False
2025-07-05,250705.0,SPDC 366,21926492,Michelle Philo,-0.0064447859972119,7878.767517345677,87,-0.0367516390545271,8165.801817173527,94,-0.0064447859972119,7878.767517345677,87,0.030306853057315203,-287.0342998278493,-7,0.030306853057315203,287.0342998278493,7,False
2025-05-03,250503.0,SDPC 332,21922205,Maria Seitz,0.1526879629982869,4542.471518316735,47,0.2066870126338393,4344.469821201165,40,0.1526879629982869,4542.471518316735,47,-0.05399904963555238,198.0016971155692,7,0.05399904963555238,198.0016971155692,7,False
2026-03-29,260329.02,2026 USA Jigsaw Nationals Individual Final,21594891,Kinsey Keltz,0.2474979239690863,4145.353175838805,181,0.2900249101289499,4107.40879953795,175,0.2474979239690863,4145.353175838805,181,-0.04252698615986358,37.944376300855765,6,0.04252698615986358,37.944376300855765,6,False
2026-03-29,260329.02,2026 USA Jigsaw Nationals Individual Final,22862138,Michelle Bone,0.360101539487367,3703.892800101773,105,0.3993167790228351,3682.163541793226,99,0.360101539487367,3703.892800101773,105,-0.03921523953546807,21.729258308546832,6,0.03921523953546807,21.729258308546832,6,False
2026-03-29,260329.02,2026 USA Jigsaw Nationals Individual Final,23740970,Rebecca Widmayer,0.2288326056904427,4223.454134388184,187,0.2585462998799851,4238.760864247577,193,0.2288326056904427,4223.454134388184,187,-0.029713694189542422,-15.306729859393272,-6,0.029713694189542422,15.306729859393272,6,False
2026-03-29,260329.02,2026 USA Jigsaw Nationals Individual Final,21181014,Emily Chandran,0.4580567249244061,3358.2808433503656,54,0.4692950205040366,3433.3012329877056,60,0.4580567249244061,3358.2808433503656,54,-0.01123829557963052,-75.02038963734003,-6,0.01123829557963052,75.02038963734003,6,False
2026-03-29,260329.02,2026 USA Jigsaw Nationals Individual Final,21890972,Kamila Lin,0.2588244770656445,4098.665517242747,174,0.2834546287822498,4134.484480977656,180,0.2588244770656445,4098.665517242747,174,-0.02463015171660532,-35.81896373490872,-6,0.02463015171660532,35.81896373490872,6,False
2026-03-29,260329.02,2026 USA Jigsaw Nationals Individual Final,23766491,Maggie Kirkland,0.2004884704135265,4344.876973346621,194,0.2698605679645323,4191.072674687028,188,0.2004884704135265,4344.876973346621,194,-0.06937209755100579,153.80429865959286,6,0.06937209755100579,153.80429865959286,6,False
2026-03-29,260329.02,2026 USA Jigsaw Nationals Individual Final,23766346,Robyn Curtis,0.3471746378557817,3752.0834649019857,113,0.3918121859506089,3709.900628396984,107,0.3471746378557817,3752.0834649019857,113,-0.04463754809482723,42.18283650500189,6,0.04463754809482723,42.18283650500189,6,False
2026-03-29,260329.02,2026 USA Jigsaw Nationals Individual Final,24718537,Hali Simmons,0.2521680211109874,4126.039108209165,178,0.2770549315642799,4161.02877694093,184,0.2521680211109874,4126.039108209165,178,-0.0248869104532925,-34.98966873176505,-6,0.0248869104532925,34.98966873176505,6,False
2026-03-29,260329.02,2026 USA Jigsaw Nationals Individual Final,24193461,Shea Burkett,0.6371521922473732,2807.610377115953,10,0.7227566337021554,2664.6178293417665,4,0.6371521922473732,2807.610377115953,10,-0.08560444145478219,142.99254777418628,6,0.08560444145478219,142.99254777418628,6,False
2026-03-29,260329.02,2026 USA Jigsaw Nationals Individual Final,21556752,Hanna Sigler,0.6403145036125847,2798.7458624762608,8,0.6495261055292696,2867.0716328384783,14,0.6403145036125847,2798.7458624762608,8,-0.009211601916684908,-68.32577036221755,-6,0.009211601916684908,68.32577036221755,6,False
2026-03-27,260327.01,2026 USA Jigsaw Nationals Individual Prelim A,22549310,Brooke Vlasich,-0.2072544374620423,5543.733488388833,94,-0.1475633194259657,5222.395904931677,88,-0.2072544374620423,5543.733488388833,94,-0.0596911180360766,321.33758345715614,6,0.0596911180360766,321.33758345715614,6,False
2025-11-01,251101.0,SPDC 435,18852026,Kimberly Kenne,0.2004125035604895,4111.140285192291,45,0.2234419297057704,4040.703743857856,39,0.2004125035604895,4111.140285192291,45,-0.02302942614528089,70.43654133443533,6,0.02302942614528089,70.43654133443533,6,False
2026-03-29,260329.02,2026 USA Jigsaw Nationals Individual Final,21927541,Chloe Glikbarg,0.4811197507612509,3281.715038826144,48,0.5304204180780476,3229.724564127348,42,0.4811197507612509,3281.715038826144,48,-0.04930066731679672,51.99047469879588,6,0.04930066731679672,51.99047469879588,6,False
2026-03-29,260329.02,2026 USA Jigsaw Nationals Individual Final,20850953,Aimee Seligstein,0.3185550880859263,3861.017794723088,130,0.3671989398210983,3802.346353358007,124,0.3185550880859263,3861.017794723088,130,-0.048643851735171995,58.67144136508114,6,0.048643851735171995,58.67144136508114,6,False
2026-03-27,260327.04,2026 USA Jigsaw Nationals Individual Prelim D,22641588,Davey Black,0.160777014856346,4047.218063397332,55,0.1954898007280744,3912.959499874973,49,0.160777014856346,4047.218063397332,55,-0.03471278587172841,134.25856352235905,6,0.03471278587172841,134.25856352235905,6,False
2026-03-27,260327.04,2026 USA Jigsaw Nationals Individual Prelim D,20725541,Rosemary Dabbs,0.0154257863066796,4680.387827963503,78,0.0496829971870053,4527.187096242775,72,0.0154257863066796,4680.387827963503,78,-0.0342572108803257,153.20073172072807,6,0.0342572108803257,153.20073172072807,6,False
2026-03-29,260329.02,2026 USA Jigsaw Nationals Individual Final,18956787,Kelly Buhr,0.4845716383468454,3270.4064566303828,46,0.4954124341779375,3344.7931169920867,52,0.4845716383468454,3270.4064566303828,46,-0.010840795831092098,-74.38666036170389,-6,0.010840795831092098,74.38666036170389,6,False
2026-03-27,260327.01,2026 USA Jigsaw Nationals Individual Prelim A,21405969,Owen Wartella,0.0404992872021737,4327.173095340613,67,-0.0067276017094361,4536.340204002599,73,0.0404992872021737,4327.173095340613,67,0.0472268889116098,-209.16710866198628,-6,0.0472268889116098,209.16710866198628,6,False
2025-09-27,250927.0,SPDC 417,21922205,Maria Seitz,0.0986690204859345,4142.653474219577,66,0.1526980347440966,3944.9963431492297,60,0.0986690204859345,4142.653474219577,66,-0.0540290142581621,197.65713107034753,6,0.0540290142581621,197.65713107034753,6,False
2026-03-27,260327.02,2026 USA Jigsaw Nationals Individual Prelim B,23764765,Timothy Miller,0.3141664403264918,3754.5041645231945,21,0.3039776430026631,3794.90268927096,27,0.3141664403264918,3754.5041645231945,21,0.010188797323828713,-40.39852474776535,-6,0.010188797323828713,40.39852474776535,6,False
2026-03-27,260327.03,2026 USA Jigsaw Nationals Individual Prelim C,21921565,Michael Dickman,0.0348909922203027,4479.650226500076,67,-0.0087343373273301,4683.68293491172,73,0.0348909922203027,4479.650226500076,67,0.043625329547632805,-204.0327084116434,-6,0.043625329547632805,204.0327084116434,6,False
2025-09-27,250927.0,SPDC 417,22874878,Kara Bancroft,-0.1187301313297294,5148.655796113503,111,-0.1529131236987705,5355.152522651196,117,-0.1187301313297294,5148.655796113503,111,0.0341829923690411,-206.49672653769267,-6,0.0341829923690411,206.49672653769267,6,False
2025-07-05,250705.0,SPDC 366,18518434,Elizabeth McElveen,0.2939218225882289,5834.5951285601095,31,0.2433178415712272,6171.151459008228,37,0.2939218225882289,5834.5951285601095,31,0.0506039810170017,-336.5563304481184,-6,0.0506039810170017,336.5563304481184,6,False
2025-05-03,250503.0,SDPC 332,22489256,Alyssa Graham,-0.0405124018132736,5510.5895622494345,78,-0.0582987024931746,5662.635647679167,84,-0.0405124018132736,5510.5895622494345,78,0.017786300679901,-152.04608542973256,-6,0.017786300679901,152.04608542973256,6,False
2025-08-02,250802.0,SPDC 389,22816351,Michelle Malcom,0.004604140719829,4094.1242100023474,90,0.010755616050593,4085.836455901245,84,0.004604140719829,4094.1242100023474,90,-0.0061514753307639995,8.287754101102564,6,0.0061514753307639995,8.287754101102564,6,False
2025-07-05,250705.0,SPDC 366,19573602,Isabel Urrutia,0.1700175963719047,6604.221744789824,53,0.1384917693882883,6853.17134283767,59,0.1700175963719047,6604.221744789824,53,0.03152582698361639,-248.94959804784594,-6,0.03152582698361639,248.94959804784594,6,False
2025-07-05,250705.0,SPDC 366,22489256,Alyssa Graham,0.0014444827437693,7816.854348991025,85,-0.0252354339186718,8072.302182184288,91,0.0014444827437693,7816.854348991025,85,0.0266799166624411,-255.44783319326234,-6,0.0266799166624411,255.44783319326234,6,False
2025-11-01,251101.0,SPDC 435,21606421,Robin Patrick,0.0673133207579651,4696.415764477216,75,0.0397693100562264,4855.400013779329,81,0.0673133207579651,4696.415764477216,75,0.027544010701738703,-158.9842493021133,-6,0.027544010701738703,158.9842493021133,6,False
2025-11-01,251101.0,SPDC 435,21090776,Ashley Willard,0.0123075629087784,4961.98256883748,87,-0.017866240635267,5143.4653307632525,93,0.0123075629087784,4961.98256883748,87,0.0301738035440454,-181.48276192577214,-6,0.0301738035440454,181.48276192577214,6,False
2025-09-27,250927.0,SPDC 417,20321851,Ann Marie Greenleaf,-0.0149977625637793,4641.340852745248,90,-0.0404221970327448,4785.393506879095,96,-0.0149977625637793,4641.340852745248,90,0.0254244344689655,-144.05265413384677,-6,0.0254244344689655,144.05265413384677,6,False
2026-03-27,260327.02,2026 USA Jigsaw Nationals Individual Prelim B,22333204,Soon Kim,-0.0185050149427874,5236.365679234222,80,-0.0754546039509929,5546.078024189571,86,-0.0185050149427874,5236.365679234222,80,0.0569495890082055,-309.7123449553492,-6,0.0569495890082055,309.7123449553492,6,False
2025-07-05,250705.0,SPDC 366,20533269,Elizaveta Gallagher,0.286935115332589,5875.502474098088,32,0.3276502566345555,5672.063744664707,27,0.286935115332589,5875.502474098088,32,-0.04071514130196652,203.438729433381,5,0.04071514130196652,203.438729433381,5,False
2026-03-29,260329.02,2026 USA Jigsaw Nationals Individual Final,24581974,Jessica Rottenbacher,0.4761017898059404,3298.223942633714,50,0.523801747950974,3251.1719438894584,45,0.4761017898059404,3298.223942633714,50,-0.04769995814503358,47.0519987442558,5,0.04769995814503358,47.0519987442558,5,False
2025-07-05,250705.0,SPDC 366,21988310,Ashley Bromiley,0.4048616498150916,5221.919472783312,16,0.3976352179780633,5288.676715632344,21,0.4048616498150916,5221.919472783312,16,0.007226431837028313,-66.75724284903208,-5,0.007226431837028313,66.75724284903208,5,False
2026-03-29,260329.02,2026 USA Jigsaw Nationals Individual Final,24511922,Carrie Grose,0.2308418195875103,4214.976830857637,186,0.2674237733329127,4201.29791142266,191,0.2308418195875103,4214.976830857637,186,-0.03658195374540238,13.678919434976706,-5,0.03658195374540238,13.678919434976706,5,False
2025-05-03,250503.0,SDPC 332,22251076,Jessica Henderson,0.1423459153782362,4589.693741413295,54,0.1646762886719107,4530.87217827022,49,0.1423459153782362,4589.693741413295,54,-0.022330373293674488,58.821563143075764,5,0.022330373293674488,58.821563143075764,5,False
2025-05-03,250503.0,SDPC 332,21926468,Meredith Yeager,0.1926833563954146,4364.3787673623965,43,0.2169776101197489,4299.991875801877,38,0.1926833563954146,4364.3787673623965,43,-0.024294253724334303,64.38689156051987,5,0.024294253724334303,64.38689156051987,5,False
2026-03-29,260329.02,2026 USA Jigsaw Nationals Individual Final,24575932,Katie Motondo,0.3152810528257239,3873.6796194430817,134,0.3461787282042294,3883.118427321506,139,0.3152810528257239,3873.6796194430817,134,-0.030897675378505518,-9.438807878424086,-5,0.030897675378505518,9.438807878424086,5,False
2025-09-27,250927.0,SPDC 417,22477087,Toni MacReynolds,0.2081549312877205,3713.038735445921,46,0.2013702848968682,3757.582419942756,51,0.2081549312877205,3713.038735445921,46,0.0067846463908523,-44.54368449683534,-5,0.0067846463908523,44.54368449683534,5,False
2025-09-27,250927.0,SPDC 417,22389912,Tazia Statucki,0.1570554622014039,3907.704341406532,58,0.1854212139885535,3817.9928328228634,53,0.1570554622014039,3907.704341406532,58,-0.02836575178714959,89.71150858366855,5,0.02836575178714959,89.71150858366855,5,False
2026-03-29,260329.02,2026 USA Jigsaw Nationals Individual Final,22861870,Jenna Wyly,0.4036008805898206,3546.229880281981,78,0.4278466547783169,3578.5962788256284,83,0.4036008805898206,3546.229880281981,78,-0.024245774188496327,-32.36639854364739,-5,0.024245774188496327,32.36639854364739,5,False
2026-03-29,260329.02,2026 USA Jigsaw Nationals Individual Final,21178749,Yuewen Chun,0.3054159944236312,3912.0828085240696,145,0.3284426288800757,3952.6041830716185,150,0.3054159944236312,3912.0828085240696,145,-0.023026634456444484,-40.52137454754893,-5,0.023026634456444484,40.52137454754893,5,False
2026-03-29,260329.02,2026 USA Jigsaw Nationals Individual Final,21469145,Shannon O’Hara,0.34569902155496,3757.6241874096777,116,0.3839134013307275,3739.3203715693526,111,0.34569902155496,3757.6241874096777,116,-0.03821437977576747,18.303815840325115,5,0.03821437977576747,18.303815840325115,5,False
2026-03-29,260329.02,2026 USA Jigsaw Nationals Individual Final,21848873,Eric Goulet,0.43613907059301,3432.699039085006,63,0.4789429975793834,3400.336100528864,58,0.43613907059301,3432.699039085006,63,-0.04280392698637342,32.362938556142126,5,0.04280392698637342,32.362938556142126,5,False
2026-03-29,260329.02,2026 USA Jigsaw Nationals Individual Final,22861788,Xin Li Phuah,0.5462527836978819,3074.7793128292465,25,0.5572258695687257,3144.300370970032,30,0.5462527836978819,3074.7793128292465,25,-0.01097308587084378,-69.5210581407855,-5,0.01097308587084378,69.5210581407855,5,False
2026-03-29,260329.02,2026 USA Jigsaw Nationals Individual Final,18141625,Andrea Kyle,0.4674169728419415,3326.993160749727,52,0.4803787675461617,3395.457503188617,57,0.4674169728419415,3326.993160749727,52,-0.012961794704220209,-68.46434243889007,-5,0.012961794704220209,68.46434243889007,5,False
2026-03-29,260329.02,2026 USA Jigsaw Nationals Individual Final,20729491,Simmie Berman,0.5350054272606882,3109.557667371444,27,0.5484450570397585,3172.031455611855,32,0.5350054272606882,3109.557667371444,27,-0.013439629779070317,-62.47378824041107,-5,0.013439629779070317,62.47378824041107,5,False
2026-03-29,260329.02,2026 USA Jigsaw Nationals Individual Final,18980068,Tiffany Medeiros,0.6599985434598933,2744.193900282615,6,0.6694466754740293,2810.523041918435,11,0.6599985434598933,2744.193900282615,6,-0.009448132014135968,-66.32914163582018,-5,0.009448132014135968,66.32914163582018,5,False
2026-03-27,260327.04,2026 USA Jigsaw Nationals Individual Prelim D,21249910,Lena Nguyen-Vo,0.2294698156846714,3778.537183881657,41,0.2749774954545365,3613.967857701312,36,0.2294698156846714,3778.537183881657,41,-0.045507679769865084,164.5693261803449,5,0.045507679769865084,164.5693261803449,5,False
2026-03-29,260329.02,2026 USA Jigsaw Nationals Individual Final,23750128,Jasmine Lambert,0.5100110490775143,3188.258570642556,35,0.5308133023882854,3228.455905254117,40,0.5100110490775143,3188.258570642556,35,-0.020802253310771124,-40.19733461156102,-5,0.020802253310771124,40.19733461156102,5,False
2026-03-29,260329.02,2026 USA Jigsaw Nationals Individual Final,23764984,Helen Hu,0.3618947761843449,3697.256795352859,103,0.3893797043891402,3718.93587785419,108,0.3618947761843449,3697.256795352859,103,-0.02748492820479531,-21.679082501330868,-5,0.02748492820479531,21.679082501330868,5,False
2026-03-29,260329.02,2026 USA Jigsaw Nationals Individual Final,22251076,Jessica Henderson,0.2360536823316231,4193.066097610435,184,0.2688476933572509,4195.319856344607,189,0.2360536823316231,4193.066097610435,184,-0.03279401102562779,-2.253758734172152,-5,0.03279401102562779,2.253758734172152,5,False
2026-03-29,260329.02,2026 USA Jigsaw Nationals Individual Final,23765860,Kate Yee,0.4778701109009209,3292.39677732809,49,0.485228771030927,3379.0293928644905,54,0.4778701109009209,3292.39677732809,49,-0.007358660130006078,-86.63261553640041,-5,0.007358660130006078,86.63261553640041,5,False
2026-03-29,260329.02,2026 USA Jigsaw Nationals Individual Final,24179977,Emily Howard,0.2504815355773859,4133.003484485464,179,0.2906629022096308,4104.789141001287,174,0.2504815355773859,4133.003484485464,179,-0.04018136663224492,28.214343484176425,5,0.04018136663224492,28.214343484176425,5,False
2026-03-29,260329.02,2026 USA Jigsaw Nationals Individual Final,23820090,Matthew Swanson,0.2671796411432471,4064.563158136592,167,0.2914306486843551,4101.638913051739,172,0.2671796411432471,4064.563158136592,167,-0.024251007541107983,-37.07575491514717,-5,0.024251007541107983,37.07575491514717,5,False
2026-03-29,260329.02,2026 USA Jigsaw Nationals Individual Final,23887118,Sarah Stubeck,0.5255394665316775,3139.132373805195,30,0.5850904354602524,3057.895217729423,25,0.5255394665316775,3139.132373805195,30,-0.05955096892857492,81.23715607577196,5,0.05955096892857492,81.23715607577196,5,False
2025-07-05,250705.0,SPDC 366,21394027,Elizabeth Tashiro,0.2057708491281889,6372.27054834634,44,0.2374168110892617,6207.675269951076,39,0.2057708491281889,6372.27054834634,44,-0.03164596196107278,164.59527839526345,5,0.03164596196107278,164.59527839526345,5,False
2025-08-02,250802.0,SPDC 389,21616379,Debbie Dyson,-0.1527448292126597,4791.77926361688,120,-0.1790478027533918,4939.824918247412,125,-0.1527448292126597,4791.77926361688,120,0.026302973540732105,-148.04565463053223,-5,0.026302973540732105,148.04565463053223,5,False
2025-08-02,250802.0,SPDC 389,19573602,Isabel Urrutia,0.170571272142459,3468.026481609564,52,0.1465543918330846,3567.009944660792,57,0.170571272142459,3468.026481609564,52,0.024016880309374405,-98.98346305122777,-5,0.024016880309374405,98.98346305122777,5,False
2025-08-02,250802.0,SPDC 389,22549913,Sabrina Monserate-Lindsay,0.2359719237409622,3248.4730113827954,40,0.2199002152525934,3314.7488892366214,45,0.2359719237409622,3248.4730113827954,40,0.016071708488368808,-66.27587785382593,-5,0.016071708488368808,66.27587785382593,5,False
2025-08-02,250802.0,SPDC 389,22817937,J.D. Armstrong,0.0087051889017566,4077.368391048864,85,-0.0262126548280827,4239.709450185149,90,0.0087051889017566,4077.368391048864,85,0.034917843729839304,-162.3410591362849,-5,0.034917843729839304,162.3410591362849,5,False
2025-07-05,250705.0,SPDC 366,22549913,Sabrina Monserate-Lindsay,0.2558587227529712,6060.958624660969,36,0.2304515589061311,6251.064225770046,41,0.2558587227529712,6060.958624660969,36,0.025407163846840136,-190.10560110907682,-5,0.025407163846840136,190.10560110907682,5,False
2025-08-02,250802.0,SPDC 389,22654912,Karen Wells,0.0894853708965836,3760.950041598802,68,0.055416879750493,3907.3727078525153,73,0.0894853708965836,3760.950041598802,68,0.03406849114609059,-146.4226662537135,-5,0.03406849114609059,146.4226662537135,5,False
2025-08-02,250802.0,SPDC 389,22858691,Chelsea Suedkamp,0.3297865261856486,2957.5772626341004,28,0.3612776166902205,2877.737713946834,23,0.3297865261856486,2957.5772626341004,28,-0.03149109050457194,79.83954868726642,5,0.03149109050457194,79.83954868726642,5,False
2025-08-09,250809.0,CT2025 - Connecticut Speed Puzzling Championship,22439893,Jen McGuire,0.1096976511351753,4363.979871115982,23,0.0639558844389828,4604.006005169357,28,0.1096976511351753,4363.979871115982,23,0.045741766696192496,-240.02613405337524,-5,0.045741766696192496,240.02613405337524,5,False
2025-07-05,250705.0,SPDC 366,22874878,Kara Bancroft,-0.150225151332498,9097.06515025616,113,-0.1880082103487081,9499.237142863643,118,-0.150225151332498,9097.06515025616,113,0.0377830590162101,-402.17199260748384,-5,0.0377830590162101,402.17199260748384,5,False
2025-11-01,251101.0,SPDC 435,22549913,Sabrina Monserate-Lindsay,0.2714288656063581,3829.307853023856,26,0.2604188895520651,3894.019485745316,31,0.2714288656063581,3829.307853023856,26,0.011009976054292991,-64.71163272146032,-5,0.011009976054292991,64.71163272146032,5,False
2025-11-01,251101.0,SPDC 435,22389912,Tazia Statucki,0.1402243375549126,4366.180492244325,59,0.1674342975312531,4273.471535926018,54,0.1402243375549126,4366.180492244325,59,-0.027209959976340514,92.70895631830717,5,0.027209959976340514,92.70895631830717,5,False
2025-11-01,251101.0,SPDC 435,21926468,Meredith Yeager,0.1449834523333304,4345.450704982931,57,0.1735122041387854,4247.576548413967,52,0.1449834523333304,4345.450704982931,57,-0.028528751805455,97.87415656896337,5,0.028528751805455,97.87415656896337,5,False
2026-03-27,260327.02,2026 USA Jigsaw Nationals Individual Prelim B,22820661,Joe Feehan,-0.0486610411094011,5396.678713012126,84,-0.0354637237515455,5328.661790467272,79,-0.0486610411094011,5396.678713012126,84,-0.0131973173578556,68.01692254485351,5,0.0131973173578556,68.01692254485351,5,False
2026-03-27,260327.01,2026 USA Jigsaw Nationals Individual Prelim A,18518434,Elizabeth McElveen,0.3307499533653324,3237.054456122828,24,0.300825898456905,3335.314788702045,29,0.3307499533653324,3237.054456122828,24,0.029924054908427422,-98.26033257921699,-5,0.029924054908427422,98.26033257921699,5,False
2026-03-27,260327.03,2026 USA Jigsaw Nationals Individual Prelim C,22607906,Jason Pipkin,0.1469158441912158,4004.906029567645,54,0.1819958062448209,3870.387413106937,49,0.1469158441912158,4004.906029567645,54,-0.035079962053605085,134.51861646070802,5,0.035079962053605085,134.51861646070802,5,False
2025-09-27,250927.0,SPDC 417,20531734,Norah Molina,0.0535852075744843,4333.694152284736,77,0.0676885271047219,4295.025682210509,72,0.0535852075744843,4333.694152284736,77,-0.014103319530237593,38.668470074227116,5,0.014103319530237593,38.668470074227116,5,False
2025-09-27,250927.0,SPDC 417,22654912,Karen Wells,0.0731307170478034,4249.812319168363,72,0.0507830281703875,4368.252457908974,77,0.0731307170478034,4249.812319168363,72,0.0223476888774159,-118.44013874061147,-5,0.0223476888774159,118.44013874061147,5,False
2025-11-01,251101.0,SPDC 435,22477087,Toni MacReynolds,0.2153176095326784,4050.31771305204,37,0.2101907703062027,4094.604085554977,42,0.2153176095326784,4050.31771305204,37,0.0051268392264756935,-44.286372502936956,-5,0.0051268392264756935,44.286372502936956,5,False
2026-03-27,260327.02,2026 USA Jigsaw Nationals Individual Prelim B,18475588,Dawne Rasmusson,0.4607805748367478,3242.491757727666,13,0.4993976414514241,3121.266254364936,8,0.4607805748367478,3242.491757727666,13,-0.03861706661467634,121.22550336273025,5,0.03861706661467634,121.22550336273025,5,False
2026-03-27,260327.01,2026 USA Jigsaw Nationals Individual Prelim A,22732942,Melissa Ryburn,-0.0897019328793862,4928.899234260774,81,-0.1254260708342712,5108.056675872894,86,-0.0897019328793862,4928.899234260774,81,0.03572413795488501,-179.15744161211933,-5,0.03572413795488501,179.15744161211933,5,False
2026-03-27,260327.03,2026 USA Jigsaw Nationals Individual Prelim C,23742686,Jessica Bradley,0.1008876301316894,4193.552937330544,58,0.0806658283063369,4283.132295700829,63,0.1008876301316894,4193.552937330544,58,0.020221801825352506,-89.57935837028435,-5,0.020221801825352506,89.57935837028435,5,False
2026-03-29,260329.02,2026 USA Jigsaw Nationals Individual Final,23887819,Chris Viox,0.5124876018194172,3180.37244936584,32,0.5415223177611794,3194.0667867865445,36,0.5124876018194172,3180.37244936584,32,-0.029034715941762212,-13.694337420704414,-4,0.029034715941762212,13.694337420704414,4,False
2026-03-29,260329.02,2026 USA Jigsaw Nationals Individual Final,23742868,Katie Erickson,0.3620684623890141,3696.614688616539,102,0.392653091312522,3706.782264374674,106,0.3620684623890141,3696.614688616539,102,-0.03058462892350794,-10.167575758135172,-4,0.03058462892350794,10.167575758135172,4,False
2026-03-29,260329.02,2026 USA Jigsaw Nationals Individual Final,24858852,Emily Russell,0.4698546566491625,3318.8928803673857,51,0.5145829207070554,3281.2825152083237,47,0.4698546566491625,3318.8928803673857,51,-0.044728264057892875,37.610365159061985,4,0.044728264057892875,37.610365159061985,4,False
2026-03-27,260327.04,2026 USA Jigsaw Nationals Individual Prelim D,20568290,John Walczak,-0.1206296108927245,5362.532650561865,96,-0.1655343800978015,5614.307071258578,100,-0.1206296108927245,5362.532650561865,96,0.044904769205076994,-251.7744206967127,-4,0.044904769205076994,251.7744206967127,4,False
2026-03-27,260327.04,2026 USA Jigsaw Nationals Individual Prelim D,21922695,Mathew Nettlow,0.4673083442795263,2978.734118286833,12,0.5054976451292311,2869.925722075262,8,0.4673083442795263,2978.734118286833,12,-0.038189300849704844,108.80839621157111,4,0.038189300849704844,108.80839621157111,4,False
2026-03-27,260327.04,2026 USA Jigsaw Nationals Individual Prelim D,22861788,Xin Li Phuah,0.5173379921236358,2833.375536357148,7,0.4948601249447408,2900.6175680217343,11,0.5173379921236358,2833.375536357148,7,0.02247786717889505,-67.2420316645862,-4,0.02247786717889505,67.2420316645862,4,False
2026-03-27,260327.04,2026 USA Jigsaw Nationals Individual Prelim D,22197641,Marissa Belau,-0.0312315802272455,4903.93695271323,86,-0.0601850257693071,5052.932761264628,90,-0.0312315802272455,4903.93695271323,86,0.0289534455420616,-148.9958085513981,-4,0.0289534455420616,148.9958085513981,4,False
2026-03-27,260327.04,2026 USA Jigsaw Nationals Individual Prelim D,22861870,Jenna Wyly,0.376091420867219,3263.2229473511543,17,0.3778672412601111,3260.617362650929,21,0.376091420867219,3263.2229473511543,17,-0.0017758203928921468,2.605584700225336,-4,0.0017758203928921468,2.605584700225336,4,False
2026-03-29,260329.02,2026 USA Jigsaw Nationals Individual Final,17731902,EB Caron,0.4012647949904599,3554.523860789649,80,0.4274484332892241,3580.0216365498445,84,0.4012647949904599,3554.523860789649,80,-0.02618363829876419,-25.49777576019551,-4,0.02618363829876419,25.49777576019551,4,False
2026-03-29,260329.02,2026 USA Jigsaw Nationals Individual Final,17915498,Melynda Owens,0.2907506479769708,3969.877612817832,155,0.3280262831649965,3954.250175513818,151,0.2907506479769708,3969.877612817832,155,-0.03727563518802568,15.627437304014165,4,0.03727563518802568,15.627437304014165,4,False
2026-03-29,260329.02,2026 USA Jigsaw Nationals Individual Final,18859031,Michelle Micheli,0.3698779654643938,3667.8583971603007,98,0.4048032762907201,3662.01667997024,94,0.3698779654643938,3667.8583971603007,98,-0.03492531082632633,5.841717190060535,4,0.03492531082632633,5.841717190060535,4,False
2026-03-29,260329.02,2026 USA Jigsaw Nationals Individual Final,21927536,Skye Vandeleest,0.5060898053438547,3200.785053228892,38,0.5436935050866021,3187.139392519182,34,0.5060898053438547,3200.785053228892,38,-0.037603699742747354,13.645660709710228,4,0.037603699742747354,13.645660709710228,4,False
2026-03-29,260329.02,2026 USA Jigsaw Nationals Individual Final,21925368,Betsey English,0.2927205916986998,3962.064875191707,153,0.3181524435290349,3993.487198889157,157,0.2927205916986998,3962.064875191707,153,-0.025431851830335084,-31.422323697449883,-4,0.025431851830335084,31.422323697449883,4,False
2026-03-29,260329.02,2026 USA Jigsaw Nationals Individual Final,21538991,Natalie Schimmelbusch,0.2676901209524542,4062.4888102125337,166,0.3028648586797065,4055.007019882158,162,0.2676901209524542,4062.4888102125337,166,-0.03517473772725227,7.481790330375588,4,0.03517473772725227,7.481790330375588,4,False
2026-03-29,260329.02,2026 USA Jigsaw Nationals Individual Final,21423906,Gail McCormick,0.4547525069743521,3369.395688016395,55,0.4999871948929628,3329.5264361720533,51,0.4547525069743521,3369.395688016395,55,-0.04523468791861068,39.86925184434176,4,0.04523468791861068,39.86925184434176,4,False
2026-03-29,260329.02,2026 USA Jigsaw Nationals Individual Final,22640026,Leslie Richardson,0.4350223253057166,3436.5346308504927,66,0.4669989329390382,3441.1934503994657,62,0.4350223253057166,3436.5346308504927,66,-0.03197660763332161,-4.658819548973042,4,0.03197660763332161,4.658819548973042,4,False
